States_of_Brazil,Latitude,Longitude,QTD_Emigrants,QTD_Tourists,Weight_Emigrants,Weight_Tourists
Rondonia,-10.9,-62.76,10,,3,1
Acre,-9.11,-70.52,5,,3,1
Amazonas,-4.13,-64.54,39,459,3,1
Roraima,2.05,-61.4,1,,3,1
Para,-3.95,-53.09,25,4,3,1
Amapa,1.39,-52,2,,3,1
Tocantins,-10.19,-48.17,3,,3,1
Maranhao,-5.08,-45.14,16,,3,1
Piaui,-7.42,-42.9,5,,3,1
Ceara,-5.2,-39.3,44,68,3,1
Rio Grande do Norte,-5.74,-36.55,19,1,3,1
Paraiba,-7.162778,-36.825,12,,3,1
Pernambuco,-8.34,-37.81,39,208,3,1
Alagoas,-9.57,-36.55,15,,3,1
Sergipe,-10.19,-48.17,16,,3,1
Bahia,-12.52,-41.69,105,387,3,1
Minas Gerais,-18.55,-44.55,236,599,3,1
Espirito Santo,-20.266667,-40.283333,28,,3,1
Rio de Janeiro,-22.916667,-43.183333,249,8392,3,1
Sao Paulo,-21.829722,-49.2075,850,53772,3,1
Parana,-24.6,-51.383333,220,2837,3,1
Santa Catarina,-27.27,-50.49,103,37,3,1
Rio Grande do Sul,-30,-53,218,567,3,1
Mato Grosso do Sul,-20.29,-54.87,19,29,3,1
Mato Grosso,-12.99,-55.99,16,,3,1
Goias,-16.03,-49.56,47,,3,1
Distrito Federal,-15.795,-47.757778,44,219,3,1